{"classification_report": {"0": {"precision": 0.8277404921700223, "recall": 0.5073126142595978, "f1-score": 0.6290733918957212, "support": 2188.0}, "1": {"precision": 0.7432291666666667, "recall": 0.8117178612059158, "f1-score": 0.7759651984774334, "support": 3516.0}, "2": {"precision": 0.7693726937269373, "recall": 0.5873239436619718, "f1-score": 0.6661341853035144, "support": 2840.0}, "3": {"precision": 0.613140311804009, "recall": 0.8355083459787557, "f1-score": 0.7072575465639049, "support": 3295.0}, "accuracy": 0.7082523861812653, "macro avg": {"precision": 0.7383706660919088, "recall": 0.6854656912765603, "f1-score": 0.6946075805601435, "support": 11839.0}, "weighted avg": {"precision": 0.7289133984666544, "recall": 0.7082523861812653, "f1-score": 0.7033483336011945, "support": 11839.0}}, "confusion_matrix": [[1110, 336, 154, 588], [62, 2854, 158, 442], [98, 367, 1668, 707], [71, 283, 188, 2753]]}